iso3,name,latitude,longitude,landlocked,region,subregion,gdp_per_capita,trade_share,urbanization,agriculture_share,population,dist_equator,tropical,dist_equator_sq,log_gdp,log_population,log_trade,agri_x_landlocked,trade_x_urban,region_encoded,high_income,cluster
CIV,Ivory Coast,8.0,-5.0,0,Africa,Western Africa,2141.76836170115,44.6604105830795,51.3514799771241,15.6882063635315,28193009,8.0,1,64.0,7.669387104030772,17.154584597372704,3.8212316332443015,0.0,2293.3781798271484,0,0,0
ITA,Italy,42.83333333,12.83333333,0,Europe,Southern Europe,33812.788724868,58.6941902594738,69.5050010681153,1.81866879873849,59729081,42.83333333,0,1834.6944441588892,10.428594374550325,17.905329578686892,4.089234700076384,0.0,4079.5397566768893,3,1,1
KGZ,Kyrgyzstan,41.0,75.0,1,Asia,Central Asia,1421.99927504102,94.4302823542939,34.8805205758044,10.3739026248931,6590211,41.0,0,1681.0,7.259819100546615,15.701095924175526,4.558395953182973,10.3739026248931,3293.777406637967,2,0,0
ARE,United Arab Emirates,24.0,54.0,0,Asia,Western Asia,45938.6073581994,163.822152944853,85.0298263388195,0.734628769937638,9445785,24.0,0,576.0,10.735061161421376,16.061079168222147,5.104867031650441,0.0,13929.769215352379,2,1,1
TZA,Tanzania,-6.0,35.0,0,Africa,Eastern Africa,1063.32250976563,33.0185892502311,33.3475258518752,26.5943119516018,59174891,6.0,1,36.0,6.969153728155179,17.89600787136854,3.526907117860709,0.0,1101.08825861453,0,0,0
AGO,Angola,-12.5,18.5,0,Africa,Middle Africa,2493.67884440177,60.7148243336685,66.6637823180533,12.3911585673156,32375632,12.5,1,156.25,7.8215143466578585,17.29291659902896,4.122524166779599,0.0,4047.479832858522,0,0,1
TGO,Togo,8.0,1.16666666,0,Africa,Western Africa,826.255209019798,56.3421740349757,41.445731197295,19.5145900500186,8463068,8.0,1,64.0,6.716903695557277,15.95122231359574,4.04903637454247,0.0,2335.1426001248165,0,0,0
FIN,Finland,64.0,26.0,0,Europe,Northern Europe,48358.1807773701,80.5641502947367,72.7431214358314,2.18977184111891,5521606,64.0,0,4096.0,10.78639068568719,15.524179317966839,4.401389830811006,0.0,5860.487768264604,3,1,1
MWI,Malawi,-13.5,34.0,1,Africa,Eastern Africa,580.889139762475,44.1954524635798,16.1383746619001,22.9473991790142,19025752,13.5,1,182.25,6.364559929286583,16.761303987869095,3.810996472563903,22.9473991790142,713.2427702094467,0,0,0
MLI,Mali,17.0,-4.0,1,Africa,Western Africa,971.949318638092,53.9987132798636,28.3520715749509,32.2682205547332,21068405,17.0,1,289.0,6.879303661782198,16.863285082867517,4.007309790047235,32.2682205547332,1530.9753838659447,0,0,0
UZB,Uzbekistan,41.0,64.0,1,Asia,Central Asia,2041.38480729431,64.9639227632407,50.5920104980469,21.8419117411197,32964701,41.0,0,1681.0,7.621383683644413,17.310947880262404,4.189107967773241,21.8419117411197,3286.655462432182,2,0,0
SEN,Senegal,14.0,-14.0,0,Africa,Western Africa,1431.18128932159,64.2362506061005,49.9443321273477,14.8962721234445,16352922,14.0,1,196.0,7.2662554586892565,16.609917154936138,4.17801530531805,0.0,3208.236634886623,0,0,0
UGA,Uganda,1.0,32.0,1,Africa,Eastern Africa,822.171150036357,39.3610539647435,27.8369781799403,22.9455088065564,42999637,1.0,1,1.0,6.71194858510619,17.57670223176174,3.697865309236203,22.9455088065564,1095.6928003560174,0,0,0
DJI,Djibouti,11.5,43.0,0,Africa,Eastern Africa,2837.16902340932,320.93923036418,71.7418146554518,1.51935229833123,1088709,11.5,1,132.25,7.950562011253851,13.90050314857525,5.774362802156415,0.0,23024.76278045035,0,0,2
JPN,Japan,36.0,138.0,0,Asia,Eastern Asia,40415.9567649547,35.2164181084145,91.7164207898107,1.03894744464527,126633000,36.0,0,1296.0,10.60697995539892,18.65680369721463,3.5895125549205202,0.0,3229.9238219412537,2,1,1
OMN,Oman,21.0,57.0,0,Asia,Western Asia,19180.1864152801,86.4782010313236,79.5780017545962,1.99471933938581,4591241,21.0,1,441.0,9.861633067643591,15.339660915863616,4.471389631254681,0.0,6881.7624334049915,2,1,1
BEL,Belgium,50.83333333,4.0,0,Europe,Western Europe,46716.6227467964,165.46547893199,87.0961631189222,0.718789583537128,11488980,50.83333333,0,2584.027777438889,10.75185532779159,16.256898873038445,5.114787954182085,0.0,14411.408343611187,3,1,1
FRA,France,46.0,2.0,0,Europe,Western Europe,40408.2848574751,66.4289771741449,78.6890784549356,1.40828485472535,67382061,46.0,0,2116.0,10.606790113654695,18.025889383186374,4.211074853925304,0.0,5227.234996537414,3,1,1
BGR,Bulgaria,43.0,25.0,0,Europe,Southeast Europe,10353.7204584127,125.260418346411,73.7162322998047,3.20205597512235,6616726,43.0,0,1849.0,9.245101198682539,15.705111243643566,4.838346586306484,0.0,9233.726096794751,3,0,1
CYP,Cyprus,35.0,33.0,0,Europe,Southern Europe,29227.173828125,150.506169561162,66.7677357070518,1.74820542874204,1286671,35.0,0,1225.0,10.282854166059058,14.06756882064288,5.020626347296244,0.0,10048.95615154039,3,1,1
KOR,South Korea,37.0,127.5,0,Asia,Eastern Asia,33826.9443301597,71.4470632403511,81.2901063535619,1.50689433955588,51764822,37.0,0,1369.0,10.429012933431592,17.76222136455961,4.282856132960324,0.0,5807.939369457804,2,1,1
MEX,Mexico,23.0,-102.0,0,Americas,North America,10369.5553585271,77.4619722571128,78.355984332992,3.31502440184845,125762982,23.0,1,529.0,9.246629422630924,18.64990959819611,4.362614077568621,0.0,6069.609084580991,1,0,1
MKD,North Macedonia,41.83333333,22.0,1,Europe,Southeast Europe,6718.85826635458,138.576231840539,60.6286848102132,8.13229139447626,1876262,41.83333333,0,1750.027777498889,8.81267351824232,14.444792057645532,4.9386109168106325,8.13229139447626,8401.69468244707,3,0,1
MAR,Morocco,32.0,-5.0,0,Africa,Northern Africa,3508.09765625,75.9981158798422,61.8430450233765,10.8424017370039,36210898,32.0,0,1024.0,8.162829191260244,17.40487068121338,4.343780952461352,0.0,4699.954902048866,0,0,1
PLW,Palau,7.5,134.5,0,Oceania,Micronesia,15846.7968470167,115.461972278731,79.2803814152827,3.38895622331658,17798,7.5,1,56.25,9.670722667211283,9.786841370416807,4.7575648015114185,0.0,9153.869201218591,4,1,1
GIN,Guinea,11.0,-10.0,0,Africa,Western Africa,1031.34146480732,78.4153132285974,36.1281547546387,26.4272768142306,13034346,11.0,1,121.0,6.938615626862378,16.383098431478853,4.3746912114787655,0.0,2833.000571456234,0,0,0
SAU,Saudi Arabia,25.0,45.0,0,Asia,Western Asia,29566.7933827436,56.7938204886513,83.6394643268678,2.45384656461481,30063799,25.0,0,625.0,10.294407165395246,17.21883231487594,4.05688185800179,0.0,4750.204722747084,2,1,1
BWA,Botswana,-22.0,24.0,1,Africa,Southern Africa,7172.08956480028,83.0929813601175,66.3271694845464,2.08342949351655,2332083,22.0,1,484.0,8.877952322767555,14.662272417585871,4.431923107611813,2.08342949351655,5511.322257648769,0,0,1
COM,Comoros,-12.16666666,44.25,0,Africa,Eastern Africa,1510.23218151592,42.2680785372908,31.7287584068243,35.6200979800592,786578,12.16666666,1,148.02777761555558,7.320018680582039,13.575447170116817,3.7674151469020805,0.0,1341.1136522303752,0,0,0
BLZ,Belize,17.25,-88.75,0,Americas,Central America,6171.61449761423,102.441856907677,42.9077622153323,6.5560913222365,385829,17.25,1,297.5625,8.727715751651314,12.863149545109835,4.639009685846143,0.0,4395.550837091701,1,0,1
KHM,Cambodia,13.0,105.0,0,Asia,South-Eastern Asia,2225.87705485686,115.736679072448,39.5830241256026,15.4385065177157,16481304,13.0,1,169.0,7.707906298889181,16.61773720552888,4.759920792158817,0.0,4581.207759941834,2,0,0
MRT,Mauritania,20.0,-12.0,0,Africa,Western Africa,1767.072710621,93.4866941351317,56.0596215779146,19.957882454072,4467708,20.0,1,400.0,7.477079620664377,15.312386083409804,4.548459021783213,0.0,5240.828695785731,0,0,0
CPV,Cape Verde,16.5388,-23.0418,0,Africa,Western Africa,4380.78117331128,103.602656463726,71.6254285086577,4.437360866953,514104,16.5388,1,273.53190543999995,8.384982337539077,13.150180858600761,4.650168947711074,0.0,7420.584663849631,0,0,1
MHL,Marshall Islands,9.0,168.0,0,Oceania,Micronesia,5292.33985502306,153.007728638901,76.9422712042154,18.2091455560326,44007,9.0,1,81.0,8.574015743698697,10.692103991155873,5.037002787121245,0.0,11772.762153275316,4,0,1
NAM,Namibia,-22.0,17.0,0,Africa,Southern Africa,4731.9210318831,82.9011507426355,48.0019807724839,7.08397673847435,2650494,22.0,1,484.0,8.462086536853176,14.79025659568361,4.42963932902434,0.0,3979.419443964778,0,0,1
IRN,Iran,32.0,53.0,0,Asia,Southern Asia,3997.4935449585,48.5917712137038,75.2038879394531,11.8081014676882,87051648,32.0,0,1024.0,8.2934228299372,18.28201215564775,3.903824917017945,0.0,3654.2901171349235,2,0,1
AZE,Azerbaijan,40.5,47.5,1,Asia,Western Asia,4805.75371765917,85.8181454084561,58.1308191977779,5.69538024963307,10024283,40.5,0,1640.25,8.477569170218306,16.120521007402136,4.463815648303232,5.69538024963307,4988.679094627576,2,0,1
NER,Niger,16.0,8.0,1,Africa,Western Africa,561.691304349698,37.1025664250801,16.813146499685,36.9919203931409,22947757,16.0,1,256.0,6.330952418467333,16.948730755489738,3.640281640102379,36.9919203931409,623.8108848191657,0,0,0
BFA,Burkina Faso,13.0,-2.0,1,Africa,Western Africa,764.853077774946,60.4086928753226,26.1187254401157,18.2205245524421,20961952,13.0,1,169.0,6.6396837601854255,16.8582195428518,4.117551402905893,18.2205245524421,1577.7980634068244,0,0,0
LUX,Luxembourg,49.75,6.16666666,1,Europe,Western Europe,112696.649059674,382.66078058442,93.2589839734767,0.214828063048275,620001,49.75,0,2475.0625,11.632454966308753,13.3374763699232,5.949758778279494,0.214828063048275,35686.55560380051,3,1,2
IDN,Indonesia,-5.0,120.0,0,Asia,South-Eastern Asia,4106.94856160358,37.6277775357108,55.7382049560547,12.7126026577522,272489381,5.0,1,25.0,8.320435589311186,19.42311020250093,3.653971642942152,0.0,2097.3047763262794,2,0,0
LBN,Lebanon,33.83333333,35.83333333,0,Asia,Western Asia,8905.88005497437,62.98091601016,89.4986743521503,3.16909985150245,5794594,33.83333333,0,1144.694444218889,9.094467017901259,15.572435971904751,4.158584851551737,0.0,5636.708492393439,2,0,1
TUR,Turkey,39.0,35.0,0,Asia,Western Asia,9395.23378001368,62.5784589326239,88.6618152857124,6.6541535628227,82579440,39.0,0,1521.0,9.147957794988077,18.229271297096247,4.152274716947696,0.0,5548.319766748839,2,0,1
TLS,Timor-Leste,-8.83333333,125.91666666,0,Asia,South-Eastern Asia,1562.36458068032,70.6142431890513,29.1148755245217,14.1291559454173,1300945,8.83333333,1,78.0277777188889,7.353955709490042,14.078601481428079,4.2712939814045905,0.0,2055.9249007075327,2,0,0
ZWE,Zimbabwe,-20.0,30.0,1,Africa,Southern Africa,2184.32923855469,46.1065442675515,36.1837638266364,22.7056524805476,15271368,20.0,1,400.0,7.689064075757097,16.541490260608427,3.852411935479907,22.7056524805476,1668.30830863944,0,0,0
ZAF,South Africa,-29.0,24.0,0,Africa,Southern Africa,6533.71121032856,53.8979964081406,63.4127255007908,1.9503211452698,59587885,29.0,0,841.0,8.784730393193524,17.90296283956098,4.00547685255153,0.0,3417.8188512720285,0,0,1
ARM,Armenia,40.0,45.0,1,Asia,Western Asia,4597.22887399548,97.847004865327,65.0047033570428,11.5256107379588,2962500,40.0,0,1600.0,8.433208982253502,14.901544064425524,4.593573249363213,11.5256107379588,6360.515525645705,2,0,1
IRL,Ireland,53.0,-8.0,0,Europe,Northern Europe,81827.6688873996,257.652772910421,63.2737009154127,0.953896616119834,4976456,53.0,0,2809.0,11.312370715854257,15.420228549073858,5.555486517097339,0.0,16302.644493160724,3,1,2
NOR,Norway,62.0,10.0,0,Europe,Northern Europe,76430.5889473338,70.8958205272987,82.4935894878281,1.78246102169707,5347896,62.0,0,3844.0,11.244138273916175,15.492213770492821,4.275218134070808,0.0,5848.4507149817155,3,1,1
KEN,Kenya,1.0,38.0,0,Africa,Eastern Africa,1960.40808854893,31.759461841481,31.1895566421135,20.8611638110686,51202827,1.0,1,1.0,7.580907938995525,17.751305303329204,3.4891918315447192,0.0,990.563534027914,0,0,0
BMU,Bermuda,32.33333333,-64.75,0,Americas,North America,115798.040775578,77.5601016506443,100.0,0.220961505173123,64107,32.33333333,0,1045.444444228889,11.659602924941444,11.068308841314574,4.363863957969054,0.0,7756.01016506443,1,1,1
ESP,Spain,40.0,-4.0,0,Europe,Southern Europe,29786.5245689007,66.3662250440692,79.6349761108307,2.51980122994951,47118501,40.0,0,1600.0,10.301811374547727,17.668176284407693,4.210143780213831,0.0,5285.072745950465,3,1,1
NLD,Netherlands,52.5,5.75,0,Europe,Western Europe,53554.9007491475,160.676671884999,93.8898028856479,1.7588069903961,17344874,52.5,0,2756.25,10.888462588946103,16.66880757401829,5.085598488302841,0.0,15085.901051604478,3,1,1
NIC,Nicaragua,13.0,-85.0,0,Americas,Central America,1958.62051528095,94.0422159246213,58.5405671448072,15.5297840677071,6483657,13.0,1,169.0,7.579995685693672,15.684795260993692,4.554321171047718,0.0,5505.28465578175,1,0,0
LSO,Lesotho,-29.5,28.5,1,Africa,Southern Africa,1082.05706777516,140.51663349168,38.6040920446259,4.46380208822172,2209405,29.5,0,870.25,6.986619200876163,14.608233806475594,4.952417261352645,4.46380208822172,5424.517053113777,0,0,1
EGY,Egypt,27.0,30.0,0,Africa,Northern Africa,2962.98892023003,41.1240171551108,42.4812027332648,10.6971354538956,107553158,27.0,0,729.0,7.993953808190951,18.493495776333862,3.7406180567709217,0.0,1746.9977099725215,0,0,0
GMB,Gambia,13.46666666,-16.56666666,0,Africa,Western Africa,738.186751987483,55.9979116186993,61.643210849607,20.0040458725555,2456844,13.46666666,1,181.35111093155555,6.604196844061903,14.714388157424118,4.043014628894919,0.0,3451.8910730491384,0,0,0
BRA,Brazil,-10.0,-55.0,0,Americas,South America,9029.83304401079,28.8902578697354,86.6797991084296,4.2050140951087,207455459,10.0,1,100.0,9.108289157204757,19.15042721917157,3.3975326035498794,0.0,2504.201748339392,1,0,1
AUS,Australia,-27.0,133.0,0,Oceania,Australia and New Zealand,55194.7585097428,46.0016827052171,87.3019647888406,2.12424911197662,25334826,27.0,0,729.0,10.918623273223075,17.04769052889935,3.8501834033078355,0.0,4016.0372837582813,4,1,1
MDG,Madagascar,-20.0,47.0,0,Africa,Eastern Africa,499.818837622534,62.6013230457128,30.3046972370204,22.9562520100657,28219554,20.0,1,400.0,6.214245708011786,17.155525699870005,4.152634272735252,0.0,1897.1141415372342,0,0,0
GBR,United Kingdom,54.0,-2.0,0,Europe,Northern Europe,43158.7411267323,65.0035664177054,82.6699420738913,0.576929649470186,66631000,54.0,0,2916.0,10.672640251354759,18.014680492680636,4.189708777198399,0.0,5373.841070348051,3,1,1
PRT,Portugal,39.5,-8.0,0,Europe,Southern Europe,23343.3628970034,86.7709889083586,61.114927250613,1.99991845769704,10286263,39.5,0,1560.25,10.058067978452309,16.146319873724327,4.474731023583491,0.0,5303.002674598084,3,1,1
GRL,Greenland,72.0,-40.0,0,Americas,North America,53309.2035905065,92.1907515607492,87.0217895507812,18.4763686569553,56225,72.0,0,5184.0,10.883864270491307,10.937116776827516,4.534648484586905,0.0,8022.60418084787,1,1,1
TKM,Turkmenistan,40.0,60.0,1,Asia,Central Asia,5998.0017434754,44.2857594037204,47.0494562466485,10.8113571045068,6803944,40.0,0,1600.0,8.699181649985038,15.733013002011344,3.812992621118136,10.8113571045068,2083.620899414945,2,0,0
SLB,Solomon Islands,-8.0,159.0,0,Oceania,Melanesia,2223.65890942466,82.9985659020552,27.275106750276,32.6714892678456,728147,8.0,1,64.0,7.7069092755439375,13.498258229872025,4.430799726102994,0.0,2263.7947450983734,4,0,0
RWA,Rwanda,-2.0,30.0,1,Africa,Eastern Africa,810.051412137354,57.9756628637954,22.9711026997362,23.560629300383,12776103,2.0,1,4.0,6.697097717426748,16.36308703083572,4.077124864972759,23.560629300383,1331.7649057295262,0,0,0
PAN,Panama,9.0,-80.0,0,Americas,Central America,16477.9066268111,80.4286505707227,65.752985396379,2.45508076979221,4234700,9.0,1,81.0,9.709775770322953,15.258823045306487,4.399727183693966,0.0,5288.423886427199,1,1,1
BHS,Bahamas,25.0343,-77.3963,0,Americas,Caribbean,33640.3369861278,68.7866234842208,81.8257463283204,0.53475935828877,394675,25.0343,0,626.7161764900001,10.423481131460248,12.885817920399928,4.245442350775706,0.0,5628.516804001538,1,1,1
MNE,Montenegro,42.5,19.3,0,Europe,Southeast Europe,8749.02375172644,110.0161238696,65.1686759904159,3.70351082097405,626753,42.5,0,1806.25,9.076697401895863,13.34830780260661,4.709675450849596,0.0,7169.605130179423,3,0,1
ARG,Argentina,-34.0,-64.0,0,Americas,South America,9955.97478680428,32.6306150458499,91.8567844513802,5.3185559967348,44973465,34.0,0,1156.0,9.205928131021869,17.621583207146163,3.5154368141918395,0.0,2997.3433727825977,1,0,1
CUB,Cuba,21.5,-80.0,0,Americas,Caribbean,9232.26115935183,22.8208911354416,77.0728225708008,3.56732632295441,11202846,21.5,1,462.25,9.130459276839085,16.231678411128428,3.1705629744549784,0.0,1758.870493389451,1,0,1
CYM,Cayman Islands,19.3133,-81.2546,0,Americas,Caribbean,88254.2902486867,114.83853985004,100.0,0.414317120759666,67327,19.3133,1,373.0035568900001,11.387977588329882,11.117316623885428,4.752197323672259,0.0,11483.853985004,1,1,1
KAZ,Kazakhstan,48.0196,66.9237,1,Asia,Central Asia,9457.12614657136,64.8586165517565,59.0832474269546,4.46633595812751,19209555,48.0196,0,2305.88198416,9.154523825889365,16.770918369458208,4.187510270832609,4.46633595812751,3832.057689497402,2,0,1
RUS,Russia,60.0,100.0,0,Europe,Eastern Europe,11447.701171875,49.2287536619033,74.6222859951926,3.53030291392166,145453291,60.0,0,3600.0,9.345544217809904,18.795365568981588,3.916587644830251,0.0,3673.5621349454327,3,0,1
IND,India,20.0,77.0,0,Asia,Southern Asia,2041.42863698585,39.9054035306442,33.8139578818147,16.7555683032837,1389030312,20.0,1,400.0,7.621405153982032,21.05187172337467,3.7112621699859227,0.0,1349.3596342420226,2,0,0
COD,DR Congo,0.0,25.0,0,Africa,Middle Africa,504.00419142286,60.9143523742792,42.8747090907476,13.1512157041087,92947442,0.0,1,0.0,6.222584584351987,18.347544751580905,4.125752016696007,0.0,2611.685137498511,0,0,0
MUS,Mauritius,-20.28333333,57.55,0,Africa,Eastern Africa,11568.2533399824,127.940899064133,39.2509492806955,2.66862745852887,1265985,20.28333333,1,411.41361097588896,9.356019844226378,14.051361033274834,4.8593541525907,0.0,5021.8017400928675,0,0,1
UKR,Ukraine,49.0,32.0,0,Europe,Eastern Europe,3619.86157226563,90.5112342910763,69.3527648708735,8.96518101437243,44957458,49.0,0,2401.0,8.194191064383034,17.621227222805405,4.51646174388218,0.0,6277.204349961557,3,0,1
TJK,Tajikistan,39.0,71.0,1,Asia,Central Asia,871.022372934846,56.0450159145896,26.1300735473633,20.8670733588,9529966,39.0,0,1521.0,6.769667663014971,16.069951707943012,4.04384070903137,20.8670733588,1464.4603878113728,2,0,0
MYS,Malaysia,2.5,112.5,0,Asia,South-Eastern Asia,10920.191763972,123.028562027943,74.8377707734042,7.24131401562151,33440596,2.5,1,6.25,9.298368809948004,17.325281168988454,4.820511878016122,0.0,9207.183323628738,2,0,1
ATG,Antigua and Barbuda,17.05,-61.8,0,Americas,Caribbean,18896.3721832248,137.537783631991,24.708337524045,1.64671204635507,91364,17.05,1,290.70250000000004,9.84672523464584,11.422606806768524,4.931143094429756,0.0,3398.3299802883057,1,1,1
CAF,Central African Republic,7.0,21.0,1,Africa,Middle Africa,449.228467602439,50.0658000014868,41.7800430407332,28.3418324649438,4944703,7.0,1,49.0,6.107531594859889,15.413827460567894,3.9331149972441093,28.3418324649438,2091.7512789308585,0,0,0
ISR,Israel,31.47,35.13,0,Asia,Western Asia,44250.6313628073,56.325348642584,91.6154002002652,1.34643940764737,9054000,31.47,0,990.3608999999999,10.697624918420328,16.018717206978042,4.048742910584767,0.0,5160.269357309797,2,1,1
HND,Honduras,15.0,-86.5,0,Americas,Central America,2502.32744328073,99.4599779937589,56.3791561389766,10.6380334094751,9943633,15.0,1,225.0,7.824976555077984,16.11244300481422,4.609759419267116,0.0,5607.469628889309,1,0,1
SLE,Sierra Leone,8.5,-11.5,0,Africa,Western Africa,843.712517809977,37.5619530302056,42.7018444914441,34.547180986475,7731991,8.5,1,72.25,6.737811817863671,15.86087695531589,3.6522661175833107,0.0,1603.964677090767,0,0,0
TUN,Tunisia,34.0,9.0,0,Africa,Northern Africa,3528.87213306798,102.332614725789,68.8206382576031,9.76625873287072,11875081,34.0,0,1156.0,8.168733589827553,16.289952728914347,4.637953054520343,0.0,7042.595859998192,0,0,1
LTU,Lithuania,56.0,24.0,0,Europe,Northern Europe,19608.7943945553,148.374996011818,67.245735168457,3.12404744403716,2811089,56.0,0,3136.0,9.883733438185496,14.849082510717947,5.006459895986649,0.0,9977.585687431578,3,1,1
IRQ,Iraq,33.0,44.0,0,Asia,Western Asia,5671.8568632942,68.9899384202806,69.8683395385742,3.77000825306199,41192171,33.0,0,1089.0,8.643271832226084,17.53375877199101,4.248351494865093,0.0,4820.21244229349,2,0,1
CHE,Switzerland,47.0,8.0,1,Europe,Western Europe,84121.9310304414,124.127612180467,80.7792907322229,0.647745526895984,8575280,47.0,0,2209.0,11.340022585216989,15.964394203544403,4.829334113984641,0.647745526895984,10026.940472222557,3,1,1
CHL,Chile,-30.0,-71.0,0,Americas,South America,14495.716721687,57.6117545680829,88.1273685623538,3.987812171379,19197744,30.0,0,900.0,9.581608486265589,16.770303330094343,4.070935266366528,0.0,5077.172328345312,1,1,1
VNM,Vietnam,16.16666666,107.83333333,0,Asia,South-Eastern Asia,3440.90025375434,164.704215031408,34.6239134999511,11.7845285540387,97173776,16.16666666,1,261.36111089555556,8.143488417802308,18.39201143879097,5.11020436183625,0.0,5702.704494324817,2,0,0
BGD,Bangladesh,24.0,90.0,0,Asia,Southern Asia,2129.79896954606,31.5780544912404,30.8228396343012,11.9753231358984,164913055,24.0,0,576.0,7.663782873754545,18.920928953589563,3.4836388865732313,0.0,973.3253095467277,2,0,0
VUT,Vanuatu,-16.0,167.0,0,Oceania,Melanesia,3207.44650452083,99.3829688227082,23.5024668917075,21.1205211726384,291985,16.0,1,256.0,8.07323041810311,12.584457710067928,4.608992559628326,0.0,2335.744934355298,4,0,0
PAK,Pakistan,30.0,70.0,0,Asia,Southern Asia,1390.41690981745,28.9055769867032,37.1091631735769,20.6778713222887,230800899,30.0,0,900.0,7.237358916273659,19.257065987737946,3.3980449842981284,0.0,1072.6617730259584,2,0,0
LVA,Latvia,57.0,25.0,0,Europe,Northern Europe,17294.9751600969,125.29163170793,68.066323694246,3.85343444199836,1913822,57.0,0,3249.0,9.758171285122588,14.464612847715298,4.8385937699002906,0.0,8528.140760012218,3,1,1
MLT,Malta,35.9375,14.3754,0,Europe,Southern Europe,32421.9179752262,233.070441910537,94.9332032524644,0.471910659536485,503912,35.9375,0,1291.50390625,10.386589953787338,13.130156928633994,5.45562210386183,0.0,22126.123634034706,3,1,2
SYC,Seychelles,-4.58333333,55.66666666,0,Africa,Eastern Africa,19141.5118743615,173.407846880196,44.0049304031754,2.12955445087691,97625,4.58333333,1,21.006944413888892,9.859614652188395,11.488888887141988,5.161396504041804,0.0,7630.800233327521,0,1,1
GRC,Greece,39.0,22.0,0,Europe,Southern Europe,19335.3602002969,80.5900949510457,78.1888100466875,3.66151933931312,10721582,39.0,0,1521.0,9.869690833311724,16.187769277345733,4.401707869198405,0.0,6301.243625771821,3,1,1
CZE,Czechia,49.75,15.5,1,Europe,Central Europe,24062.7190013343,138.154609993871,72.7876426709563,1.89151770908811,10671870,49.75,0,2475.0625,10.088418992342875,16.18312186565405,4.935585617095212,1.89151770908811,10055.94838557921,3,1,1
ZMB,Zambia,-15.0,30.0,1,Africa,Eastern Africa,1258.98619844462,68.791204936096,43.4897864547552,2.86077493680796,18513839,15.0,1,225.0,7.138062071668629,16.73402906444963,4.245507998048324,2.86077493680796,2991.714812636116,0,0,1
HKG,Hong Kong,22.267,114.188,0,Asia,Eastern Asia,48359.0011950597,353.743521139731,100.0,0.0723017256105577,7507900,22.267,1,495.81928899999997,10.786407650980696,15.831466357473571,5.871395052701373,0.0,35374.3521139731,2,1,2
USA,United States,38.0,-97.0,0,Americas,North America,64746.4506778863,26.4537594940475,80.1304793353594,0.838812891431208,330226227,38.0,0,1444.0,11.078234162273805,19.61528851391572,3.3125031164664622,0.0,2119.7524284803408,1,1,1
SWZ,Eswatini,-26.5,31.5,1,Africa,Southern Africa,3913.14577547336,86.6407948477595,24.3459549517751,7.42401138221192,1179874,26.5,0,702.25,8.272096875662509,13.980918211079477,4.473246584149392,7.42401138221192,2109.3528883495405,0,0,0
SVN,Slovenia,46.11666666,14.81666666,0,Europe,Central Europe,25814.1687167572,160.044275685249,55.4523277282715,1.77040651705792,2088385,46.11666666,0,2126.7469438295557,10.158678795236376,14.551901597960658,5.081679331433929,0.0,8874.827626332262,3,1,1
MDV,Maldives,3.25,73.0,0,Asia,Southern Asia,11740.2724029785,137.125230875185,40.0492764783282,4.49402389452079,487731,3.25,1,10.5625,9.370780296092331,13.097519303344248,4.928160743765172,0.0,5491.766283474871,2,0,1
GHA,Ghana,8.0,-2.0,0,Africa,Western Africa,2186.65822682613,76.824802732152,55.7246279109161,17.323230201462,31258945,8.0,1,64.0,7.690129733579404,17.25781613318783,4.354460181562519,0.0,4281.0335465787,0,0,0
PRY,Paraguay,-23.0,-58.0,1,Americas,South America,5821.18199548738,71.2221617342433,64.9845298299929,9.667473664156,6515058,23.0,1,529.0,8.669258612113234,15.689626671034071,4.279746948027251,9.667473664156,4628.338693775512,1,0,1
MOZ,Mozambique,-18.25,35.0,0,Africa,Eastern Africa,519.09255091362,105.591171401921,33.4177241517032,24.7697818145637,29884380,18.25,1,333.0625,6.2520821927275625,17.212846493831545,4.669000688432581,0.0,3528.6166387646076,0,0,0
PSE,Palestine,31.9,35.2,0,Asia,Western Asia,3656.85827137011,68.9934922812035,85.8136174183656,7.05401698427058,4685306,31.9,0,1017.6099999999999,8.20435966196225,15.359941786356318,4.248402270316243,0.0,5920.581150976157,2,0,1
MDA,Moldova,47.0,29.0,1,Europe,Eastern Europe,4405.33418162155,87.6322371148906,40.772289276123,10.1608126286441,2664224,47.0,0,2209.0,8.390571399652002,14.795423391191633,4.484495641488855,10.1608126286441,3572.9669215621216,3,0,0
PER,Peru,-10.0,-76.0,0,Americas,South America,7037.00803692604,46.9435053754409,83.1033003087105,6.85303103477238,32449303,10.0,1,100.0,8.858938364061398,17.295189521684925,3.870023346388185,0.0,3901.1602247588307,1,0,1
QAT,Qatar,25.5,51.25,0,Asia,Western Asia,66841.3623185691,90.0462934117559,99.1191696672067,0.259972086879587,2638657,25.5,0,650.25,11.110077364287518,14.785780633563377,4.5113680959738085,0.0,8925.31383458291,2,1,1
GEO,Georgia,42.0,43.5,0,Asia,Western Asia,4741.2832715876,117.810080239714,58.6304091780343,7.33548626473072,3720161,42.0,0,1764.0,8.464063110450166,15.129277504882689,4.777526253831588,0.0,6907.253209751485,2,0,1
ECU,Ecuador,-2.0,-77.5,0,Americas,South America,6205.05765246766,48.0828494933307,63.0627139714638,7.78676459859086,17340021,2.0,1,4.0,8.733119988887672,16.6685277403886,3.8935096762937245,0.0,3032.2349845308568,1,0,1
PHL,Philippines,13.0,122.0,0,Asia,South-Eastern Asia,3400.78949767074,68.8418422595678,53.7157859948017,8.82032374730525,110804683,13.0,1,169.0,8.131762888846074,18.523279596727264,4.246233289470499,0.0,3697.89366630284,2,0,1
ETH,Ethiopia,8.0,38.0,1,Africa,Eastern Africa,793.473247210264,28.8152939288346,21.2486705780029,33.6333246930874,115737383,8.0,1,64.0,6.6764198244772,18.566834242829625,3.395021480947894,33.6333246930874,612.2866883021334,0,0,0
SYR,Syria,35.0,38.0,0,Asia,Western Asia,1109.53926036049,41.9994711236162,73.8248788261986,40.7410447915959,20353534,35.0,0,1225.0,7.011700127380202,16.828765115709224,3.7611878161671375,0.0,3100.6058664653933,2,0,0
ROU,Romania,46.0,25.0,0,Europe,Southeast Europe,12909.6104013244,84.9063630584793,52.8931835224862,4.31147831319992,19371648,46.0,0,2116.0,9.465727305331441,16.77932111178473,4.453257901432801,0.0,4490.9678434789885,3,1,1
GTM,Guatemala,15.5,-90.25,0,Americas,Central America,4511.99839552697,45.5167341512863,54.1882267267974,9.40872375710839,17103803,15.5,1,240.25,8.414495437576539,16.654811394407012,3.839812122075325,0.0,2466.4711100532645,1,0,1
NPL,Nepal,28.0,84.0,1,Asia,Southern Asia,1203.14294706401,49.2495265874454,65.9873929484157,21.5833727595669,28414064,28.0,0,784.0,7.092692534405107,17.162394791822408,3.9170011257494406,21.5833727595669,3249.847863449206,2,0,0
BEN,Benin,9.5,2.25,0,Africa,Western Africa,1130.82135339795,63.68133231423,48.7125500590248,26.8758016258337,12726755,9.5,1,90.25,7.03069950908468,16.359217028376385,4.169472633047006,0.0,3102.0800881823225,0,0,0
KWT,Kuwait,29.5,45.75,0,Asia,Western Asia,31707.8737443551,91.6857123895953,100.0,0.370434138380291,4442316,29.5,0,870.25,10.36432031212608,15.306686420032761,4.529214333288379,0.0,9168.57123895953,2,1,1
NCL,New Caledonia,-21.5,165.5,0,Oceania,Melanesia,33411.3358835672,58.210367099604,67.1574673707832,1.78613861386139,283606,21.5,1,462.25,10.41665051909401,12.555341229974847,4.081096646483999,0.0,3909.260829132967,4,1,1
SDN,Sudan,15.0,30.0,0,Africa,Northern Africa,709.975280761719,26.1196204552625,34.4727685824236,20.1640153484443,45548175,15.0,1,225.0,6.565230153600711,17.634281115005894,3.300257467961819,0.0,900.4156314150018,0,0,0
TCD,Chad,15.0,19.0,1,Africa,Middle Africa,893.336441643325,46.6777247152768,24.2731047386633,37.5903652533914,16685223,15.0,1,225.0,6.794963264282223,16.630034035376468,3.8644643017207456,37.5903652533914,1133.0133009764063,0,0,0
URY,Uruguay,-33.0,-56.0,0,Americas,South America,18315.7316980028,49.7448341159636,95.3479309082031,6.50279559696965,3397206,33.0,0,1089.0,9.815515625165808,15.038463887046799,3.9268098219224084,0.0,4743.067006328922,1,1,1
BIH,Bosnia and Herzegovina,44.0,18.0,0,Europe,Southeast Europe,6122.37541352353,94.516125154246,49.4650440037758,5.45004156140876,3345533,44.0,0,1936.0,8.719705439664365,15.023136581152773,4.559295083015845,0.0,4675.244289821159,3,0,1
SWE,Sweden,62.0,15.0,0,Europe,Northern Europe,51648.9892820514,92.7511390290561,87.7088420242759,1.25718377928626,10278887,62.0,0,3844.0,10.85222590576099,16.145602543647346,4.540643814419979,0.0,8135.095000671133,3,1,1
ISL,Iceland,65.0,-18.0,0,Europe,Northern Europe,69296.3144361601,83.7923659518443,93.9770847416131,4.31813380817638,360563,65.0,0,4225.0,11.14614700102435,12.79542197772042,4.440205514592661,0.0,7874.562275756728,3,1,1
HTI,Haiti,19.0,-72.41666666,0,Americas,Caribbean,1352.17204191532,44.5687187758294,52.0069059952475,19.1874037315046,11105163,19.0,1,361.0,7.20946749844469,16.22292069327588,3.819221489362206,0.0,2317.881167703182,1,0,0
BRN,Brunei,4.5,114.66666666,0,Asia,South-Eastern Asia,30426.5730656528,108.509658357959,74.7923311783673,0.986055130118515,442680,4.5,1,20.25,10.32307161958089,13.00060244037872,4.6960127495490696,0.0,8115.690303959961,2,1,1
HRV,Croatia,45.16666666,15.5,0,Europe,Southeast Europe,15563.5987295029,101.394766564216,56.303247958306,2.85685404932209,3949390,45.16666666,0,2040.0277771755552,9.652690051807479,15.18907169457196,4.6288356035280325,0.0,5708.854683539608,3,1,1
MNG,Mongolia,46.0,105.0,1,Asia,Eastern Asia,4347.54610314873,124.396514621165,67.8277299551557,11.5583828612266,3267673,46.0,0,2116.0,8.377366850691757,14.999588668756065,4.831480833722964,11.5583828612266,8437.533201086957,2,0,1
ABW,Aruba,12.5,-69.96666666,0,Americas,Caribbean,30645.8906024548,137.9619293134,62.288276286885,0.0184243247340194,109203,12.5,1,156.25,10.330253857414815,11.600963814443052,4.934200005784367,0.0,8593.410770144757,1,1,1
COG,Republic of the Congo,-1.0,15.0,0,Africa,Middle Africa,2488.42466724916,91.5757547930374,63.5176376123385,7.3469917082119,5616661,1.0,1,1.0,7.819405125487231,15.54124791719195,4.528027280080372,0.0,5816.67560702052,0,0,1
GNQ,Equatorial Guinea,2.0,10.0,0,Africa,Middle Africa,6804.14923073888,94.8787924253545,70.1175419547293,2.43787857420381,1670177,2.0,1,4.0,8.825287886070482,14.328440166800556,4.563084814841006,0.0,6652.667708498848,0,0,1
COL,Colombia,4.0,-72.0,0,Americas,South America,6472.54544924705,37.558533980839,77.4595528518377,6.41072082168314,49907985,4.0,1,16.0,8.77532473350093,17.725691567959988,3.652177449850485,0.0,2909.267247926341,1,0,1
GNB,Guinea-Bissau,12.0,-15.0,0,Africa,Western Africa,811.216425885129,49.9435101361017,43.8745574951172,31.3854900533423,1967696,12.0,1,144.0,6.698534881504114,14.492373873117662,3.930717374442758,0.0,2191.249406974363,0,0,0
KIR,Kiribati,1.41666666,173.0,0,Oceania,Micronesia,1750.9977188915,98.3140421834046,56.2846727145489,26.9783472046262,123921,1.41666666,1,2.0069444255555555,7.467941029538858,11.727399544780592,4.5982869727694915,0.0,5533.573687537282,4,0,0
DEU,Germany,51.0,9.0,0,Europe,Western Europe,47656.199739747,79.0732427175683,81.3053991689039,0.833126017731138,83092962,51.0,0,2601.0,10.771768010581992,18.235470563098215,4.382941749797886,0.0,6429.081562731515,3,1,1
THA,Thailand,15.0,100.0,0,Asia,South-Eastern Asia,7605.69657797759,109.689514715166,55.9266166687012,8.1285680400948,71522271,15.0,1,225.0,8.936652795236206,18.08551944168111,4.706729117208376,0.0,6134.563442050949,2,0,1
BTN,Bhutan,27.5,90.5,1,Asia,Southern Asia,3576.87987100503,76.1235167041505,39.0746823405146,12.9339527848851,764824,27.5,0,756.25,8.182246154967096,13.547401020980102,4.345408249679512,12.9339527848851,2974.5022338575377,2,0,0
GAB,Gabon,-1.0,11.75,0,Africa,Middle Africa,7441.1786472281,73.4280894486644,89.9031850170394,5.5544308701413,2267706,1.0,1,1.0,8.914784535606321,14.634279305797504,4.309833416939371,0.0,6601.4191111509945,0,0,1
LKA,Sri Lanka,7.0,81.0,0,Asia,Southern Asia,4081.94772722003,49.42552388546,19.4946326418437,7.2562467000326,21803000,7.0,1,49.0,8.314329537609215,16.897558132970186,3.920497473185612,0.0,963.5324312777141,2,0,0
ALB,Albania,41.0,20.0,0,Europe,Southeast Europe,6069.43903131027,75.382128932689,56.7639071287255,18.1603973706713,2567801,41.0,0,1681.0,8.711021463194774,14.758560448577475,4.335748754316613,0.0,4278.98416590077,3,0,0
NZL,New Zealand,-41.0,174.0,0,Oceania,Australia and New Zealand,42855.831861632,54.4542971758367,83.804965871667,5.68946266357785,4970300,41.0,0,1681.0,10.665597014219891,15.418990758424128,4.015559207201921,0.0,4563.540516386607,4,1,1
DZA,Algeria,28.0,3.0,0,Africa,Northern Africa,4468.45341883656,46.5068426081672,72.4824561380175,11.4791798857164,43294546,28.0,0,784.0,8.404797636427078,17.583537226609728,3.8608737555744668,0.0,3370.930179464162,0,0,1
SMR,San Marino,43.76666666,12.41666666,1,Europe,Southern Europe,46630.1443120725,307.264778080283,97.0999984741211,0.0152774759329299,34663,43.76666666,0,1915.5211105275555,10.750002484630786,10.453428114630672,5.730959082761566,0.0152774759329299,29835.409482746636,3,1,2
FSM,Micronesia,6.91666666,158.25,0,Oceania,Micronesia,3572.65918282222,95.6852791878173,22.359245777081,23.2544923857868,110282,6.91666666,1,47.84027768555555,8.181065466634227,11.610796000627982,4.571461159100571,0.0,2139.4506746090206,4,0,0
SLV,El Salvador,13.83333333,-88.91666666,0,Americas,Central America,4320.11671534627,76.0420130991468,72.4148941040039,5.1464335217926,6222318,13.83333333,1,191.3611110188889,8.371037698314458,15.643653064101878,4.344350897718914,0.0,5506.574326029993,1,0,1
TON,Tonga,-20.0,-175.0,0,Oceania,Polynesia,4788.83342304684,88.0453900968952,22.3288155626206,18.5717317231686,105669,20.0,1,400.0,8.47404211649415,11.568066845966431,4.489146240814495,0.0,1965.9492766125554,4,0,0
WSM,Samoa,-13.58333333,-172.33333333,0,Oceania,Polynesia,4351.94234943706,83.3310820410377,18.4147344481283,9.10454875149409,209780,13.58333333,1,184.50694435388888,8.378377541535597,12.253814641515595,4.4347505045375275,0.0,1534.5197470609025,4,0,0
DNK,Denmark,56.0,10.0,0,Europe,Northern Europe,59404.2663247723,111.891475065653,88.2096490810669,1.24122741169144,5814422,56.0,0,3136.0,10.992121326420907,15.575851940886242,4.726426959585939,0.0,9869.907750704198,3,1,1
AUT,Austria,47.33333333,13.33333333,1,Europe,Central Europe,49885.9947355204,108.207284904426,68.3176044750522,1.04463413653499,8879920,47.33333333,0,2240.4444441288892,10.817495575722525,15.999303105918763,4.693247772664679,1.04463413653499,7392.462491419863,3,1,1
SVK,Slovakia,48.66666666,19.5,1,Europe,Central Europe,19406.0589683582,183.722608631236,53.3666558664583,1.6170097133415,5454147,48.66666666,0,2368.4444437955553,9.873340614246928,15.511886794719723,5.218855287029872,1.6170097133415,9804.661229711173,3,1,1
CHN,China,35.0,105.0,0,Asia,Eastern Asia,10342.9009524335,35.1994202738836,62.7099151611328,7.00621575788341,1407745000,35.0,0,1225.0,9.244055665042044,21.06525497032569,3.589043104169889,0.0,2207.3526590962983,2,0,1
PYF,French Polynesia,-17.6797,-149.4068,0,Oceania,Polynesia,21582.5892046801,63.3061124024003,61.7824142427508,2.25047826168236,279034,17.6797,1,312.57179209000003,9.97964221329609,12.539088917177997,4.163654687416111,0.0,3911.2044605432393,4,1,1
BOL,Bolivia,-17.0,-65.0,1,Americas,South America,4203.15492855788,45.8209732749024,69.7334986708387,7.63288264501605,11671386,17.0,1,289.0,8.34359069574804,16.272650763277447,3.8463312494353943,7.63288264501605,3195.256778961942,1,0,1
LBY,Libya,25.0,17.0,0,Africa,Northern Africa,9963.19489084483,78.9939691850138,87.8220115209342,2.04201619232517,6951033,25.0,0,625.0,9.206653071315426,15.754400839589696,4.381951246644948,0.0,6937.409271850603,0,0,1
EST,Estonia,59.0,26.0,0,Europe,Northern Europe,24021.2501413306,140.352147998549,69.5787397662154,2.265648962634,1326898,59.0,0,3481.0,10.086694140130202,14.098354445250802,4.95125428033506,0.0,9765.52558122039,3,1,1
PRI,Puerto Rico,18.25,-66.5,0,Americas,Caribbean,31830.5284993358,107.571456836722,93.9519912222253,0.682321472056496,3302691,18.25,1,333.0625,10.368181123950292,15.010248148679745,4.687408544563259,0.0,10106.552568485695,1,1,1
BLR,Belarus,53.0,28.0,1,Europe,Eastern Europe,6837.77339645635,130.850406102184,77.4550771852757,6.79466882799274,9419758,53.0,0,2809.0,8.830217430787368,16.05831995620132,4.881667992826285,6.79466882799274,10135.02830436933,3,0,1
FRO,Faroe Islands,62.0,-7.0,0,Europe,Northern Europe,63068.2872688483,108.623245950251,38.3945655822754,17.0514062234626,51792,62.0,0,3844.0,11.05197334325358,10.854990976166025,4.697049450110528,0.0,4170.542340396542,3,1,0
DOM,Dominican Republic,19.0,-70.66666666,0,Americas,Caribbean,8183.01623600375,50.912982200697,73.5403464672933,4.32511956961036,10894043,19.0,1,361.0,9.009816094639277,16.203726684044828,3.9495688976341174,0.0,3744.1583507223945,1,0,1
HUN,Hungary,47.0,20.0,1,Europe,Central Europe,17012.8598553199,159.925556464831,70.4565277099609,3.32505112170721,9694824,47.0,0,2209.0,9.741724799142766,16.087102692806642,5.080941875846829,3.32505112170721,11267.79940059528,3,1,1
BHR,Bahrain,26.0,50.55,0,Asia,Western Asia,27259.7438599327,135.417543398211,100.0,0.268674381904261,1483756,26.0,0,676.0,10.213166309019025,14.210087268705758,4.915720354427804,0.0,13541.7543398211,2,1,1
CMR,Cameroon,6.0,12.0,0,Africa,Middle Africa,1555.22660476477,43.3785132480415,53.9487914119331,16.8022835644401,25506095,6.0,1,36.0,7.3493765405330835,17.05442800117586,3.79275541644851,0.0,2340.2183629783676,0,0,0
CAN,Canada,60.0,-95.0,0,Americas,North America,46352.8693445211,66.1714852804959,81.7363672047941,1.69707935336103,37618495,60.0,0,3600.0,10.744038475108562,17.443006375720604,4.207248831294177,0.0,5408.616819373241,1,1,1
SGP,Singapore,1.36666666,103.8,0,Asia,South-Eastern Asia,65952.0378959293,324.394985115301,100.0,0.0322521301996085,5703569,1.36666666,1,1.8677777595555554,11.096683058288658,15.556602677211574,5.785039783219656,0.0,32439.4985115301,2,1,2
CRI,Costa Rica,10.0,-84.0,0,Americas,Central America,12884.6859951989,65.7605300176622,77.0435864735963,4.20205116302465,4999553,10.0,1,100.0,9.463794752995097,15.424859066401956,4.201112037912242,0.0,5066.4270809652835,1,1,1
SRB,Serbia,44.0,21.0,1,Europe,Southeast Europe,7755.632986437,107.577309546092,61.0492248535156,4.76474851493196,6945235,44.0,0,1936.0,8.956174695288947,15.753566370891129,4.687462449629991,4.76474851493196,6567.51135961562,3,0,1
POL,Poland,52.0,20.0,0,Europe,Central Europe,15874.5220531254,101.581033817373,59.9626184068963,2.37029744646443,37965475,52.0,0,2704.0,9.672470716417932,17.452187752074973,4.63065306006761,0.0,6091.064768169165,3,1,1
JOR,Jordan,31.0,36.0,0,Asia,Western Asia,4170.1144003465,85.6878334964204,91.515966492507,4.37193790468563,10671891,31.0,0,961.0,8.335698748552389,16.183123833442203,4.462313545178484,0.0,7841.804899073928,2,0,1
